Sample,Experiment,Genotype,Genotype2,Group,Diff_batch
C54wt_1,C54,wt,wt,C54wt,Diffbatch_5
C54wt_2,C54,wt,wt,C54wt,Diffbatch_5
C54wt_3,C54,wt,wt,C54wt,Diffbatch_5
C54wt_4,C54,wt,wt,C54wt,Diffbatch_6
C54wt_5,C54,wt,wt,C54wt,Diffbatch_6
C54wt_6,C54,wt,wt,C54wt,Diffbatch_6
C54Y_1,C54,mut,het,C54Y,Diffbatch_5
C54Y_2,C54,mut,het,C54Y,Diffbatch_5
C54Y_3,C54,mut,het,C54Y,Diffbatch_5
C54Y_4,C54,mut,het,C54Y,Diffbatch_6
C54Y_5,C54,mut,het,C54Y,Diffbatch_6
C54Y_6,C54,mut,het,C54Y,Diffbatch_6
delwt_1,del,wt,wt,delwt,Diffbatch_5
delwt_2,del,wt,wt,delwt,Diffbatch_5
delwt_3,del,wt,wt,delwt,Diffbatch_5
delwt_4,del,wt,wt,delwt,Diffbatch_6
delwt_5,del,wt,wt,delwt,Diffbatch_6
delwt_6,del,wt,wt,delwt,Diffbatch_6
hetdel_1,del,mut,het,hetdel,Diffbatch_5
hetdel_2,del,mut,het,hetdel,Diffbatch_5
hetdel_3,del,mut,het,hetdel,Diffbatch_5
hetdel_4,del,mut,het,hetdel,Diffbatch_6
hetdel_5,del,mut,het,hetdel,Diffbatch_6
hetdel_6,del,mut,het,hetdel,Diffbatch_6
M143Vhet_1,M143,mut,het,M143Vhet,Diffbatch_7
M143Vhet_2,M143,mut,het,M143Vhet,Diffbatch_7
M143Vhet_3,M143,mut,het,M143Vhet,Diffbatch_7
M143Vhet_4,M143,mut,het,M143Vhet,Diffbatch_8
M143Vhet_5,M143,mut,het,M143Vhet,Diffbatch_8
M143Vhet_6,M143,mut,het,M143Vhet,Diffbatch_8
M143Vhom_1,M143,mut,hom,M143Vhom,Diffbatch_7
M143Vhom_2,M143,mut,hom,M143Vhom,Diffbatch_7
M143Vhom_3,M143,mut,hom,M143Vhom,Diffbatch_7
M143Vhom_4,M143,mut,hom,M143Vhom,Diffbatch_8
M143Vhom_5,M143,mut,hom,M143Vhom,Diffbatch_8
M143Vhom_6,M143,mut,hom,M143Vhom,Diffbatch_8
M143wt_1,M143,wt,wt,M143wt,Diffbatch_7
M143wt_2,M143,wt,wt,M143wt,Diffbatch_7
M143wt_3,M143,wt,wt,M143wt,Diffbatch_7
M143wt_4,M143,wt,wt,M143wt,Diffbatch_8
M143wt_5,M143,wt,wt,M143wt,Diffbatch_8
M143wt_6,M143,wt,wt,M143wt,Diffbatch_8
N12K_1,N12,mut,het,N12K,Diffbatch_1
N12K_2,N12,mut,het,N12K,Diffbatch_1
N12K_3,N12,mut,het,N12K,Diffbatch_1
N12K_4,N12,mut,het,N12K,Diffbatch_2
N12K_5,N12,mut,het,N12K,Diffbatch_2
N12wt_1,N12,wt,wt,N12wt,Diffbatch_1
N12wt_2,N12,wt,wt,N12wt,Diffbatch_1
N12wt_3,N12,wt,wt,N12wt,Diffbatch_1
N12wt_4,N12,wt,wt,N12wt,Diffbatch_2
N12wt_5,N12,wt,wt,N12wt,Diffbatch_2
NA_1,naive,wt,na,naive,Diffbatch_7
NA_2,naive,wt,na,naive,Diffbatch_7
NA_3,naive,wt,na,naive,Diffbatch_7
NA_4,naive,wt,na,naive,Diffbatch_8
NA_5,naive,wt,na,naive,Diffbatch_8
NA_6,naive,wt,na,naive,Diffbatch_8
NA_7,naive,wt,na,naive,Diffbatch_7
P26R_1,P26,mut,het,P26R,Diffbatch_1
P26R_2,P26,mut,het,P26R,Diffbatch_1
P26R_3,P26,mut,het,P26R,Diffbatch_1
P26R_4,P26,mut,het,P26R,Diffbatch_2
P26R_5,P26,mut,het,P26R,Diffbatch_2
P26R_6,P26,mut,het,P26R,Diffbatch_2
P26wt_1,P26,wt,wt,P26wt,Diffbatch_1
P26wt_2,P26,wt,wt,P26wt,Diffbatch_1
P26wt_3,P26,wt,wt,P26wt,Diffbatch_1
P26wt_4,P26,wt,wt,P26wt,Diffbatch_2
P26wt_5,P26,wt,wt,P26wt,Diffbatch_2
R146fs_1,R146,mut,het,R146fs,Diffbatch_3
R146fs_2,R146,mut,het,R146fs,Diffbatch_3
R146fs_3,R146,mut,het,R146fs,Diffbatch_3
R146fs_4,R146,mut,het,R146fs,Diffbatch_4
R146fs_5,R146,mut,het,R146fs,Diffbatch_4
R146fs_6,R146,mut,het,R146fs,Diffbatch_4
R146wt_1,R146,wt,wt,R146wt,Diffbatch_3
R146wt_2,R146,wt,wt,R146wt,Diffbatch_3
R146wt_3,R146,wt,wt,R146wt,Diffbatch_3
R146wt_4,R146,wt,wt,R146wt,Diffbatch_4
R146wt_5,R146,wt,wt,R146wt,Diffbatch_4
R146wt_6,R146,wt,wt,R146wt,Diffbatch_4
S21Thet_1,S21,mut,het,S21Thet,Diffbatch_3
S21Thet_2,S21,mut,het,S21Thet,Diffbatch_3
S21Thet_3,S21,mut,het,S21Thet,Diffbatch_3
S21Thet_4,S21,mut,het,S21Thet,Diffbatch_4
S21Thet_5,S21,mut,het,S21Thet,Diffbatch_4
S21Thet_6,S21,mut,het,S21Thet,Diffbatch_4
S21Thom_1,S21,mut,hom,S21Thom,Diffbatch_3
S21Thom_2,S21,mut,hom,S21Thom,Diffbatch_3
S21Thom_3,S21,mut,hom,S21Thom,Diffbatch_3
S21Thom_4,S21,mut,hom,S21Thom,Diffbatch_4
S21Thom_5,S21,mut,hom,S21Thom,Diffbatch_4
S21Thom_6,S21,mut,hom,S21Thom,Diffbatch_4
S21wt_1,S21,wt,wt,S21wt,Diffbatch_3
S21wt_2,S21,wt,wt,S21wt,Diffbatch_3
S21wt_3,S21,wt,wt,S21wt,Diffbatch_3
S21wt_4,S21,wt,wt,S21wt,Diffbatch_4
S21wt_5,S21,wt,wt,S21wt,Diffbatch_4
S21wt_6,S21,wt,wt,S21wt,Diffbatch_4